url,popularity_score,metascore,oscars,rank_2024,title,year,run_time,IMBD_rating_2024
https://www.imdb.com/title/tt0111161/?ref_=chttp_t_1,62.0,82.0,,1,The Shawshank Redemption,1994,2h 22m,9.3
https://www.imdb.com/title/tt0068646/?ref_=chttp_t_2,57.0,100.0,3.0,2,The Godfather,1972,2h 55m,9.2
https://www.imdb.com/title/tt0468569/?ref_=chttp_t_3,101.0,84.0,2.0,3,The Dark Knight,2008,2h 32m,9.0
https://www.imdb.com/title/tt0071562/?ref_=chttp_t_4,185.0,90.0,6.0,4,The Godfather Part II,1974,3h 22m,9.0
https://www.imdb.com/title/tt0108052/?ref_=chttp_t_5,211.0,95.0,7.0,7,Schindler's List,1993,3h 15m,9.0
https://www.imdb.com/title/tt0167260/?ref_=chttp_t_6,233.0,94.0,11.0,6,The Lord of the Rings: The Return of the King,2003,3h 21m,9.0
https://www.imdb.com/title/tt0050083/?ref_=chttp_t_7,254.0,97.0,,5,12 Angry Men,1957,1h 36m,9.0
https://www.imdb.com/title/tt0120737/?ref_=chttp_t_8,105.0,92.0,4.0,9,The Lord of the Rings: The Fellowship of the Ring,2001,2h 58m,8.9
https://www.imdb.com/title/tt0110912/?ref_=chttp_t_9,137.0,95.0,1.0,8,Pulp Fiction,1994,2h 34m,8.9
https://www.imdb.com/title/tt1375666/?ref_=chttp_t_10,126.0,74.0,4.0,14,Inception,2010,2h 28m,8.8
https://www.imdb.com/title/tt0137523/?ref_=chttp_t_11,162.0,67.0,,13,Fight Club,1999,2h 19m,8.8
https://www.imdb.com/title/tt0109830/?ref_=chttp_t_12,208.0,82.0,6.0,11,Forrest Gump,1994,2h 22m,8.8
https://www.imdb.com/title/tt0167261/?ref_=chttp_t_13,386.0,87.0,2.0,12,The Lord of the Rings: The Two Towers,2002,2h 59m,8.8
https://www.imdb.com/title/tt0060196/?ref_=chttp_t_14,503.0,90.0,,10,"The Good, the Bad and the Ugly",1966,2h 58m,8.8
https://www.imdb.com/title/tt23849204/?ref_=chttp_t_15,1215.0,,,61,12th Fail,2023,2h 27m,8.8
https://www.imdb.com/title/tt0816692/?ref_=chttp_t_16,33.0,74.0,1.0,19,Interstellar,2014,2h 49m,8.7
https://www.imdb.com/title/tt0099685/?ref_=chttp_t_17,122.0,92.0,1.0,17,Goodfellas,1990,2h 25m,8.7
https://www.imdb.com/title/tt0133093/?ref_=chttp_t_18,235.0,73.0,4.0,16,The Matrix,1999,2h 16m,8.7
https://www.imdb.com/title/tt0073486/?ref_=chttp_t_19,365.0,84.0,5.0,18,One Flew Over the Cuckoo's Nest,1975,2h 13m,8.7
https://www.imdb.com/title/tt0080684/?ref_=chttp_t_20,954.0,82.0,1.0,15,Star Wars: Episode V - The Empire Strikes Back,1980,2h 4m,8.7
https://www.imdb.com/title/tt15097216/?ref_=chttp_t_21,2834.0,,,224,Jai Bhim,2021,2h 44m,8.7
https://www.imdb.com/title/tt0114369/?ref_=chttp_t_22,176.0,65.0,,20,Se7en,1995,2h 7m,8.6
https://www.imdb.com/title/tt0120815/?ref_=chttp_t_23,181.0,91.0,5.0,24,Saving Private Ryan,1998,2h 49m,8.6
https://www.imdb.com/title/tt0120689/?ref_=chttp_t_24,188.0,61.0,,26,The Green Mile,1999,3h 9m,8.6
https://www.imdb.com/title/tt0102926/?ref_=chttp_t_25,191.0,86.0,5.0,23,The Silence of the Lambs,1991,1h 58m,8.6
https://www.imdb.com/title/tt9362722/?ref_=chttp_t_26,239.0,86.0,,38,Spider-Man: Across the Spider-Verse,2023,2h 20m,8.6
https://www.imdb.com/title/tt0317248/?ref_=chttp_t_27,294.0,79.0,,25,City of God,2002,2h 10m,8.6
https://www.imdb.com/title/tt0103064/?ref_=chttp_t_28,316.0,75.0,4.0,28,Terminator 2: Judgment Day,1991,2h 17m,8.6
https://www.imdb.com/title/tt0245429/?ref_=chttp_t_29,388.0,96.0,1.0,31,Spirited Away,2001,2h 4m,8.6
https://www.imdb.com/title/tt0038650/?ref_=chttp_t_30,426.0,89.0,,21,It's a Wonderful Life,1946,2h 10m,8.6
https://www.imdb.com/title/tt0076759/?ref_=chttp_t_31,430.0,90.0,6.0,29,Star Wars: Episode IV - A New Hope,1977,2h 1m,8.6
https://www.imdb.com/title/tt0118799/?ref_=chttp_t_32,736.0,58.0,3.0,27,Life Is Beautiful,1997,1h 56m,8.6
https://www.imdb.com/title/tt0047478/?ref_=chttp_t_33,1239.0,98.0,,22,Seven Samurai,1954,3h 27m,8.6
https://www.imdb.com/title/tt0056058/?ref_=chttp_t_34,1687.0,85.0,,44,Harakiri,1962,2h 13m,8.6
https://www.imdb.com/title/tt0172495/?ref_=chttp_t_35,8.0,67.0,5.0,35,Gladiator,2000,2h 35m,8.5
https://www.imdb.com/title/tt15239678/?ref_=chttp_t_36,58.0,79.0,,49,Dune: Part Two,2024,2h 46m,8.5
https://www.imdb.com/title/tt0407887/?ref_=chttp_t_37,186.0,85.0,4.0,37,The Departed,2006,2h 31m,8.5
https://www.imdb.com/title/tt1853728/?ref_=chttp_t_38,189.0,81.0,2.0,54,Django Unchained,2012,2h 45m,8.5
https://www.imdb.com/title/tt6751668/?ref_=chttp_t_39,195.0,97.0,4.0,33,Parasite,2019,2h 12m,8.5
https://www.imdb.com/title/tt0110413/?ref_=chttp_t_40,202.0,64.0,,42,Léon: The Professional,1994,1h 50m,8.5
https://www.imdb.com/title/tt0078748/?ref_=chttp_t_41,207.0,89.0,1.0,51,Alien,1979,1h 57m,8.5
https://www.imdb.com/title/tt2582802/?ref_=chttp_t_42,222.0,89.0,3.0,40,Whiplash,2014,1h 46m,8.5
https://www.imdb.com/title/tt0088763/?ref_=chttp_t_43,238.0,87.0,1.0,30,Back to the Future,1985,1h 56m,8.5
https://www.imdb.com/title/tt0482571/?ref_=chttp_t_44,250.0,66.0,,43,The Prestige,2006,2h 10m,8.5
https://www.imdb.com/title/tt0110357/?ref_=chttp_t_45,312.0,88.0,2.0,36,The Lion King,1994,1h 28m,8.5
https://www.imdb.com/title/tt0114814/?ref_=chttp_t_46,418.0,76.0,2.0,46,The Usual Suspects,1995,1h 46m,8.5
https://www.imdb.com/title/tt0120586/?ref_=chttp_t_47,449.0,62.0,,41,American History X,1998,1h 59m,8.5
https://www.imdb.com/title/tt0253474/?ref_=chttp_t_48,626.0,85.0,3.0,32,The Pianist,2002,2h 30m,8.5
https://www.imdb.com/title/tt0054215/?ref_=chttp_t_49,639.0,97.0,,34,Psycho,1960,1h 49m,8.5
https://www.imdb.com/title/tt0095327/?ref_=chttp_t_50,710.0,94.0,,39,Grave of the Fireflies,1988,1h 28m,8.5
https://www.imdb.com/title/tt1675434/?ref_=chttp_t_51,723.0,57.0,,47,The Intouchables,2011,1h 52m,8.5
https://www.imdb.com/title/tt0034583/?ref_=chttp_t_52,739.0,100.0,3.0,45,Casablanca,1942,1h 42m,8.5
https://www.imdb.com/title/tt26548265/?ref_=chttp_t_53,826.0,,,196,Maharaja,2024,2h 21m,8.5
https://www.imdb.com/title/tt0064116/?ref_=chttp_t_54,876.0,82.0,,53,Once Upon a Time in the West,1968,2h 46m,8.5
https://www.imdb.com/title/tt0047396/?ref_=chttp_t_55,1040.0,100.0,,52,Rear Window,1954,1h 52m,8.5
https://www.imdb.com/title/tt0095765/?ref_=chttp_t_56,1576.0,80.0,1.0,48,Cinema Paradiso,1988,2h 54m,8.5
https://www.imdb.com/title/tt0021749/?ref_=chttp_t_57,,99.0,,55,City Lights,1931,1h 27m,8.5
https://www.imdb.com/title/tt0027977/?ref_=chttp_t_58,,96.0,,50,Modern Times,1936,1h 27m,8.5
https://www.imdb.com/title/tt0361748/?ref_=chttp_t_59,116.0,69.0,1.0,70,Inglourious Basterds,2009,2h 33m,8.4
https://www.imdb.com/title/tt7286456/?ref_=chttp_t_60,157.0,59.0,2.0,85,Joker,2019,2h 2m,8.4
https://www.imdb.com/title/tt1345836/?ref_=chttp_t_61,178.0,78.0,,71,The Dark Knight Rises,2012,2h 44m,8.4
https://www.imdb.com/title/tt4154796/?ref_=chttp_t_62,243.0,78.0,,78,Avengers: Endgame,2019,3h 1m,8.4
https://www.imdb.com/title/tt0081505/?ref_=chttp_t_63,275.0,68.0,,67,The Shining,1980,2h 26m,8.4
https://www.imdb.com/title/tt0078788/?ref_=chttp_t_64,369.0,94.0,2.0,56,Apocalypse Now,1979,2h 27m,8.4
https://www.imdb.com/title/tt0090605/?ref_=chttp_t_65,414.0,84.0,2.0,69,Aliens,1986,2h 17m,8.4
https://www.imdb.com/title/tt0209144/?ref_=chttp_t_66,425.0,83.0,,57,Memento,2000,1h 53m,8.4
https://www.imdb.com/title/tt2380307/?ref_=chttp_t_67,439.0,81.0,2.0,72,Coco,2017,1h 45m,8.4
https://www.imdb.com/title/tt4154756/?ref_=chttp_t_68,457.0,68.0,,63,Avengers: Infinity War,2018,2h 29m,8.4
https://www.imdb.com/title/tt0082971/?ref_=chttp_t_69,542.0,86.0,4.0,59,Indiana Jones and the Raiders of the Lost Ark,1981,1h 55m,8.4
https://www.imdb.com/title/tt0043014/?ref_=chttp_t_70,558.0,94.0,3.0,62,Sunset Boulevard,1950,1h 50m,8.4
https://www.imdb.com/title/tt5311514/?ref_=chttp_t_71,587.0,81.0,,83,Your Name.,2016,1h 46m,8.4
https://www.imdb.com/title/tt4633694/?ref_=chttp_t_72,641.0,87.0,1.0,65,Spider-Man: Into the Spider-Verse,2018,1h 57m,8.4
https://www.imdb.com/title/tt0405094/?ref_=chttp_t_73,688.0,89.0,1.0,60,The Lives of Others,2006,2h 17m,8.4
https://www.imdb.com/title/tt0910970/?ref_=chttp_t_74,750.0,95.0,1.0,58,WALL·E,2008,1h 38m,8.4
https://www.imdb.com/title/tt0086879/?ref_=chttp_t_75,925.0,87.0,8.0,73,Amadeus,1984,2h 40m,8.4
https://www.imdb.com/title/tt0050825/?ref_=chttp_t_76,1629.0,90.0,,64,Paths of Glory,1957,1h 28m,8.4
https://www.imdb.com/title/tt0082096/?ref_=chttp_t_77,1683.0,85.0,,79,Das Boot,1981,2h 29m,8.4
https://www.imdb.com/title/tt8267604/?ref_=chttp_t_78,1732.0,75.0,,89,Capernaum,2018,2h 6m,8.4
https://www.imdb.com/title/tt1187043/?ref_=chttp_t_79,2295.0,67.0,,86,3 Idiots,2009,2h 50m,8.4
https://www.imdb.com/title/tt0051201/?ref_=chttp_t_80,2789.0,76.0,,66,Witness for the Prosecution,1957,1h 56m,8.4
https://www.imdb.com/title/tt0032553/?ref_=chttp_t_81,4250.0,,,68,The Great Dictator,1940,2h 5m,8.4
https://www.imdb.com/title/tt0057565/?ref_=chttp_t_82,4836.0,90.0,,84,High and Low,1963,2h 23m,8.4
https://www.imdb.com/title/tt29623480/?ref_=chttp_t_83,14.0,85.0,,152,The Wild Robot,2024,1h 42m,8.3
https://www.imdb.com/title/tt15398776/?ref_=chttp_t_84,76.0,90.0,7.0,110,Oppenheimer,2023,3h,8.3
https://www.imdb.com/title/tt0119217/?ref_=chttp_t_85,151.0,71.0,2.0,80,Good Will Hunting,1997,2h 6m,8.3
https://www.imdb.com/title/tt0338013/?ref_=chttp_t_86,179.0,89.0,1.0,95,Eternal Sunshine of the Spotless Mind,2004,1h 48m,8.3
https://www.imdb.com/title/tt0180093/?ref_=chttp_t_87,215.0,71.0,,90,Requiem for a Dream,2000,1h 42m,8.3
https://www.imdb.com/title/tt0169547/?ref_=chttp_t_88,236.0,84.0,5.0,77,American Beauty,1999,2h 2m,8.3
https://www.imdb.com/title/tt0113277/?ref_=chttp_t_89,328.0,76.0,,108,Heat,1995,2h 50m,8.3
https://www.imdb.com/title/tt0086250/?ref_=chttp_t_90,335.0,65.0,,102,Scarface,1983,2h 50m,8.3
https://www.imdb.com/title/tt0364569/?ref_=chttp_t_91,346.0,78.0,,76,Oldboy,2003,2h,8.3
https://www.imdb.com/title/tt0112573/?ref_=chttp_t_92,351.0,68.0,5.0,81,Braveheart,1995,2h 58m,8.3
https://www.imdb.com/title/tt0091251/?ref_=chttp_t_93,475.0,,,91,Come and See,1985,2h 22m,8.3
https://www.imdb.com/title/tt0062622/?ref_=chttp_t_94,515.0,84.0,1.0,97,2001: A Space Odyssey,1968,2h 29m,8.3
https://www.imdb.com/title/tt0087843/?ref_=chttp_t_95,557.0,75.0,2.0,87,Once Upon a Time in America,1984,3h 49m,8.3
https://www.imdb.com/title/tt2106476/?ref_=chttp_t_96,572.0,77.0,,94,The Hunt,2012,1h 55m,8.3
https://www.imdb.com/title/tt1255953/?ref_=chttp_t_97,684.0,80.0,,101,Incendies,2010,2h 11m,8.3
https://www.imdb.com/title/tt0105236/?ref_=chttp_t_98,702.0,81.0,,98,Reservoir Dogs,1992,1h 39m,8.3
https://www.imdb.com/title/tt8503618/?ref_=chttp_t_99,729.0,88.0,2.0,127,Hamilton,2020,2h 40m,8.3
https://www.imdb.com/title/tt0114709/?ref_=chttp_t_100,751.0,96.0,,74,Toy Story,1995,1h 21m,8.3
https://www.imdb.com/title/tt1049413/?ref_=chttp_t_101,785.0,88.0,2.0,111,Up,2009,1h 36m,8.3
https://www.imdb.com/title/tt0211915/?ref_=chttp_t_102,817.0,70.0,,112,Amélie,2001,2h 2m,8.3
https://www.imdb.com/title/tt0057012/?ref_=chttp_t_103,1010.0,97.0,,75,Dr. Strangelove or: How I Learned to Stop Worrying and Love the Bomb,1964,1h 35m,8.3
https://www.imdb.com/title/tt0056172/?ref_=chttp_t_104,1161.0,100.0,7.0,99,Lawrence of Arabia,1962,3h 47m,8.3
https://www.imdb.com/title/tt0119698/?ref_=chttp_t_105,1307.0,76.0,,82,Princess Mononoke,1997,2h 13m,8.3
https://www.imdb.com/title/tt0086190/?ref_=chttp_t_106,1326.0,58.0,,93,Star Wars: Episode VI - Return of the Jedi,1983,2h 11m,8.3
https://www.imdb.com/title/tt0435761/?ref_=chttp_t_107,1365.0,92.0,2.0,92,Toy Story 3,2010,1h 43m,8.3
https://www.imdb.com/title/tt0053125/?ref_=chttp_t_108,1451.0,98.0,,103,North by Northwest,1959,2h 16m,8.3
https://www.imdb.com/title/tt0017136/?ref_=chttp_t_109,1518.0,98.0,,120,Metropolis,1927,2h 33m,8.3
https://www.imdb.com/title/tt0056592/?ref_=chttp_t_110,1707.0,88.0,3.0,114,To Kill a Mockingbird,1962,2h 9m,8.3
https://www.imdb.com/title/tt0052357/?ref_=chttp_t_111,1820.0,100.0,,107,Vertigo,1958,2h 8m,8.3
https://www.imdb.com/title/tt0033467/?ref_=chttp_t_112,2020.0,100.0,1.0,105,Citizen Kane,1941,1h 59m,8.3
https://www.imdb.com/title/tt0070735/?ref_=chttp_t_113,2263.0,83.0,7.0,116,The Sting,1973,2h 9m,8.3
https://www.imdb.com/title/tt0045152/?ref_=chttp_t_114,2511.0,99.0,,88,Singin' in the Rain,1952,1h 43m,8.3
https://www.imdb.com/title/tt0053604/?ref_=chttp_t_115,2658.0,94.0,5.0,100,The Apartment,1960,2h 5m,8.3
https://www.imdb.com/title/tt0036775/?ref_=chttp_t_116,2917.0,95.0,,104,Double Indemnity,1944,1h 47m,8.3
https://www.imdb.com/title/tt1832382/?ref_=chttp_t_117,3047.0,95.0,1.0,115,A Separation,2011,2h 3m,8.3
https://www.imdb.com/title/tt5074352/?ref_=chttp_t_118,3169.0,,,128,Dangal,2016,2h 41m,8.3
https://www.imdb.com/title/tt0022100/?ref_=chttp_t_119,3184.0,,,106,M,1931,1h 39m,8.3
https://www.imdb.com/title/tt0044741/?ref_=chttp_t_120,3360.0,92.0,,96,Ikiru,1952,2h 23m,8.3
https://www.imdb.com/title/tt0055031/?ref_=chttp_t_121,4963.0,60.0,2.0,135,Judgment at Nuremberg,1961,2h 59m,8.3
https://www.imdb.com/title/tt0040522/?ref_=chttp_t_122,,,,124,Bicycle Thieves,1948,1h 29m,8.3
https://www.imdb.com/title/tt0986264/?ref_=chttp_t_123,,,,119,Like Stars on Earth,2007,2h 42m,8.3
https://www.imdb.com/title/tt0993846/?ref_=chttp_t_124,111.0,75.0,,129,The Wolf of Wall Street,2013,3h,8.2
https://www.imdb.com/title/tt1745960/?ref_=chttp_t_125,199.0,78.0,1.0,143,Top Gun: Maverick,2022,2h 10m,8.2
https://www.imdb.com/title/tt0107290/?ref_=chttp_t_126,230.0,68.0,3.0,141,Jurassic Park,1993,2h 7m,8.2
https://www.imdb.com/title/tt10872600/?ref_=chttp_t_127,245.0,71.0,,177,Spider-Man: No Way Home,2021,2h 28m,8.2
https://www.imdb.com/title/tt0372784/?ref_=chttp_t_128,261.0,70.0,,130,Batman Begins,2005,2h 20m,8.2
https://www.imdb.com/title/tt0105695/?ref_=chttp_t_129,263.0,85.0,4.0,148,Unforgiven,1992,2h 10m,8.2
https://www.imdb.com/title/tt0477348/?ref_=chttp_t_130,265.0,92.0,4.0,147,No Country for Old Men,2007,2h 2m,8.2
https://www.imdb.com/title/tt0084787/?ref_=chttp_t_131,281.0,57.0,,149,The Thing,1982,1h 49m,8.2
https://www.imdb.com/title/tt1392214/?ref_=chttp_t_132,282.0,70.0,,155,Prisoners,2013,2h 33m,8.2
https://www.imdb.com/title/tt1130884/?ref_=chttp_t_133,289.0,63.0,,138,Shutter Island,2010,2h 18m,8.2
https://www.imdb.com/title/tt0095016/?ref_=chttp_t_134,320.0,72.0,,117,Die Hard,1988,2h 12m,8.2
https://www.imdb.com/title/tt0093058/?ref_=chttp_t_135,358.0,78.0,,109,Full Metal Jacket,1987,1h 56m,8.2
https://www.imdb.com/title/tt8579674/?ref_=chttp_t_136,398.0,78.0,3.0,122,1917,2019,1h 59m,8.2
https://www.imdb.com/title/tt0120382/?ref_=chttp_t_137,401.0,90.0,,134,The Truman Show,1998,1h 43m,8.2
https://www.imdb.com/title/tt0075314/?ref_=chttp_t_138,402.0,94.0,,126,Taxi Driver,1976,1h 54m,8.2
https://www.imdb.com/title/tt0167404/?ref_=chttp_t_139,419.0,64.0,,144,The Sixth Sense,1999,1h 47m,8.2
https://www.imdb.com/title/tt6966692/?ref_=chttp_t_140,437.0,69.0,3.0,132,Green Book,2018,2h 10m,8.2
https://www.imdb.com/title/tt0066921/?ref_=chttp_t_141,532.0,77.0,,113,A Clockwork Orange,1971,2h 16m,8.2
https://www.imdb.com/title/tt0208092/?ref_=chttp_t_142,568.0,55.0,,121,Snatch,2000,1h 42m,8.2
https://www.imdb.com/title/tt0469494/?ref_=chttp_t_143,586.0,93.0,2.0,140,There Will Be Blood,2007,2h 38m,8.2
https://www.imdb.com/title/tt0266697/?ref_=chttp_t_144,611.0,69.0,,151,Kill Bill: Vol. 1,2003,1h 51m,8.2
https://www.imdb.com/title/tt0457430/?ref_=chttp_t_145,632.0,98.0,3.0,146,Pan's Labyrinth,2006,1h 58m,8.2
https://www.imdb.com/title/tt0112641/?ref_=chttp_t_146,673.0,73.0,,142,Casino,1995,2h 58m,8.2
https://www.imdb.com/title/tt0268978/?ref_=chttp_t_147,685.0,72.0,4.0,150,A Beautiful Mind,2001,2h 15m,8.2
https://www.imdb.com/title/tt0347149/?ref_=chttp_t_148,774.0,82.0,,159,Howl's Moving Castle,2004,1h 59m,8.2
https://www.imdb.com/title/tt0057115/?ref_=chttp_t_149,801.0,86.0,,156,The Great Escape,1963,2h 52m,8.2
https://www.imdb.com/title/tt0266543/?ref_=chttp_t_150,805.0,90.0,1.0,157,Finding Nemo,2003,1h 40m,8.2
https://www.imdb.com/title/tt4729430/?ref_=chttp_t_151,827.0,65.0,,171,Klaus,2019,1h 36m,8.2
https://www.imdb.com/title/tt0119488/?ref_=chttp_t_152,1050.0,91.0,2.0,123,L.A. Confidential,1997,2h 18m,8.2
https://www.imdb.com/title/tt0097576/?ref_=chttp_t_153,1085.0,65.0,1.0,118,Indiana Jones and the Last Crusade,1989,2h 7m,8.2
https://www.imdb.com/title/tt0363163/?ref_=chttp_t_154,1132.0,82.0,,125,Downfall,2004,2h 36m,8.2
https://www.imdb.com/title/tt0031381/?ref_=chttp_t_155,1343.0,97.0,8.0,163,Gone with the Wind,1939,3h 58m,8.2
https://www.imdb.com/title/tt1305806/?ref_=chttp_t_156,1498.0,80.0,1.0,165,The Secret in Their Eyes,2009,2h 9m,8.2
https://www.imdb.com/title/tt0071853/?ref_=chttp_t_157,1515.0,91.0,,158,Monty Python and the Holy Grail,1975,1h 31m,8.2
https://www.imdb.com/title/tt10272386/?ref_=chttp_t_158,1528.0,88.0,2.0,137,The Father,2020,1h 37m,8.2
https://www.imdb.com/title/tt0053291/?ref_=chttp_t_159,1750.0,98.0,1.0,133,Some Like It Hot,1959,2h 1m,8.2
https://www.imdb.com/title/tt0080678/?ref_=chttp_t_160,2200.0,78.0,,160,The Elephant Man,1980,2h 4m,8.2
https://www.imdb.com/title/tt0059578/?ref_=chttp_t_161,2404.0,74.0,,131,For a Few Dollars More,1965,2h 12m,8.2
https://www.imdb.com/title/tt0042192/?ref_=chttp_t_162,2478.0,98.0,6.0,139,All About Eve,1950,2h 18m,8.2
https://www.imdb.com/title/tt0089881/?ref_=chttp_t_163,3044.0,97.0,1.0,145,Ran,1985,2h 40m,8.2
https://www.imdb.com/title/tt0046912/?ref_=chttp_t_164,4002.0,75.0,,162,Dial M for Murder,1954,1h 45m,8.2
https://www.imdb.com/title/tt0042876/?ref_=chttp_t_165,4483.0,98.0,,161,Rashomon,1950,1h 28m,8.2
https://www.imdb.com/title/tt0055630/?ref_=chttp_t_166,,93.0,,154,Yojimbo,1961,1h 50m,8.2
https://www.imdb.com/title/tt0040897/?ref_=chttp_t_167,,98.0,3.0,153,The Treasure of the Sierra Madre,1948,2h 6m,8.2
https://www.imdb.com/title/tt0118849/?ref_=chttp_t_168,,77.0,,184,Children of Heaven,1997,1h 29m,8.2
https://www.imdb.com/title/tt0049902/?ref_=chttp_t_169,,,,231,A Man Escaped,1956,1h 41m,8.2
https://www.imdb.com/title/tt0012349/?ref_=chttp_t_170,,,,136,The Kid,1921,1h 8m,8.2
https://www.imdb.com/title/tt0476735/?ref_=chttp_t_171,,,,237,My Father and My Son,2005,1h 52m,8.2
https://www.imdb.com/title/tt0015324/?ref_=chttp_t_172,,,,203,Sherlock Jr.,1924,45m,8.2
https://www.imdb.com/title/tt0032138/?ref_=chttp_t_173,223.0,92.0,2.0,232,The Wizard of Oz,1939,1h 42m,8.1
https://www.imdb.com/title/tt0325980/?ref_=chttp_t_174,276.0,63.0,,222,Pirates of the Caribbean: The Curse of the Black Pearl,2003,2h 23m,8.1
https://www.imdb.com/title/tt0097165/?ref_=chttp_t_175,297.0,79.0,1.0,191,Dead Poets Society,1989,2h 8m,8.1
https://www.imdb.com/title/tt0091763/?ref_=chttp_t_176,300.0,92.0,4.0,221,Platoon,1986,2h,8.1
https://www.imdb.com/title/tt1392190/?ref_=chttp_t_177,311.0,90.0,6.0,182,Mad Max: Fury Road,2015,2h,8.1
https://www.imdb.com/title/tt0434409/?ref_=chttp_t_178,313.0,62.0,,168,V for Vendetta,2005,2h 12m,8.1
https://www.imdb.com/title/tt3315342/?ref_=chttp_t_179,324.0,77.0,,212,Logan,2017,2h 17m,8.1
https://www.imdb.com/title/tt1201607/?ref_=chttp_t_180,352.0,85.0,,179,Harry Potter and the Deathly Hallows: Part 2,2011,2h 10m,8.1
https://www.imdb.com/title/tt0264464/?ref_=chttp_t_181,359.0,75.0,,174,Catch Me If You Can,2002,2h 21m,8.1
https://www.imdb.com/title/tt2096673/?ref_=chttp_t_182,364.0,94.0,1.0,167,Inside Out,2015,1h 35m,8.1
https://www.imdb.com/title/tt2267998/?ref_=chttp_t_183,378.0,79.0,,192,Gone Girl,2014,2h 29m,8.1
https://www.imdb.com/title/tt0088247/?ref_=chttp_t_184,391.0,84.0,,219,The Terminator,1984,1h 47m,8.1
https://www.imdb.com/title/tt0083658/?ref_=chttp_t_185,409.0,84.0,,187,Blade Runner,1982,1h 57m,8.1
https://www.imdb.com/title/tt2278388/?ref_=chttp_t_186,442.0,88.0,4.0,189,The Grand Budapest Hotel,2014,1h 39m,8.1
https://www.imdb.com/title/tt4016934/?ref_=chttp_t_187,446.0,85.0,1.0,239,The Handmaiden,2016,2h 25m,8.1
https://www.imdb.com/title/tt0382932/?ref_=chttp_t_188,460.0,96.0,1.0,199,Ratatouille,2007,1h 51m,8.1
https://www.imdb.com/title/tt2119532/?ref_=chttp_t_189,484.0,71.0,2.0,190,Hacksaw Ridge,2016,2h 19m,8.1
https://www.imdb.com/title/tt0092005/?ref_=chttp_t_190,501.0,75.0,,234,Stand by Me,1986,1h 29m,8.1
https://www.imdb.com/title/tt1454029/?ref_=chttp_t_191,508.0,62.0,1.0,247,The Help,2011,2h 26m,8.1
https://www.imdb.com/title/tt0118715/?ref_=chttp_t_192,530.0,71.0,,215,The Big Lebowski,1998,1h 57m,8.1
https://www.imdb.com/title/tt0073195/?ref_=chttp_t_193,553.0,87.0,3.0,202,Jaws,1975,2h 4m,8.1
https://www.imdb.com/title/tt0070047/?ref_=chttp_t_194,643.0,83.0,2.0,228,The Exorcist,1973,2h 2m,8.1
https://www.imdb.com/title/tt0117951/?ref_=chttp_t_195,718.0,83.0,,172,Trainspotting,1996,1h 33m,8.1
https://www.imdb.com/title/tt0892769/?ref_=chttp_t_196,725.0,75.0,,201,How to Train Your Dragon,2010,1h 38m,8.1
https://www.imdb.com/title/tt1950186/?ref_=chttp_t_197,763.0,81.0,2.0,208,Ford v Ferrari,2019,2h 32m,8.1
https://www.imdb.com/title/tt0353969/?ref_=chttp_t_198,767.0,82.0,,193,Memories of Murder,2003,2h 12m,8.1
https://www.imdb.com/title/tt0116282/?ref_=chttp_t_199,784.0,88.0,2.0,175,Fargo,1996,1h 38m,8.1
https://www.imdb.com/title/tt0059742/?ref_=chttp_t_200,794.0,63.0,5.0,236,The Sound of Music,1965,2h 52m,8.1
https://www.imdb.com/title/tt0077416/?ref_=chttp_t_201,873.0,90.0,5.0,200,The Deer Hunter,1978,3h 3m,8.1
https://www.imdb.com/title/tt0075148/?ref_=chttp_t_202,882.0,70.0,3.0,213,Rocky,1976,2h,8.1
https://www.imdb.com/title/tt1291584/?ref_=chttp_t_203,887.0,71.0,,176,Warrior,2011,2h 20m,8.1
https://www.imdb.com/title/tt0758758/?ref_=chttp_t_204,929.0,73.0,,240,Into the Wild,2007,2h 28m,8.1
https://www.imdb.com/title/tt0198781/?ref_=chttp_t_205,1011.0,79.0,1.0,197,"Monsters, Inc.",2001,1h 32m,8.1
https://www.imdb.com/title/tt2024544/?ref_=chttp_t_206,1016.0,96.0,3.0,186,12 Years a Slave,2013,2h 14m,8.1
https://www.imdb.com/title/tt0405159/?ref_=chttp_t_207,1028.0,86.0,4.0,180,Million Dollar Baby,2004,2h 12m,8.1
https://www.imdb.com/title/tt0087884/?ref_=chttp_t_208,1044.0,81.0,1.0,250,"Paris, Texas",1984,2h 25m,8.1
https://www.imdb.com/title/tt5027774/?ref_=chttp_t_209,1052.0,88.0,2.0,169,"Three Billboards Outside Ebbing, Missouri",2017,1h 55m,8.1
https://www.imdb.com/title/tt1895587/?ref_=chttp_t_210,1167.0,93.0,2.0,218,Spotlight,2015,2h 9m,8.1
https://www.imdb.com/title/tt1979320/?ref_=chttp_t_211,1253.0,74.0,1.0,229,Rush,2013,2h 3m,8.1
https://www.imdb.com/title/tt0112471/?ref_=chttp_t_212,1274.0,78.0,,188,Before Sunrise,1995,1h 41m,8.1
https://www.imdb.com/title/tt0036868/?ref_=chttp_t_213,1304.0,93.0,7.0,227,The Best Years of Our Lives,1946,2h 50m,8.1
https://www.imdb.com/title/tt0120735/?ref_=chttp_t_214,1411.0,67.0,1.0,166,"Lock, Stock and Two Smoking Barrels",1998,1h 47m,8.1
https://www.imdb.com/title/tt0071315/?ref_=chttp_t_215,1427.0,92.0,1.0,164,Chinatown,1974,2h 10m,8.1
https://www.imdb.com/title/tt3170832/?ref_=chttp_t_216,1676.0,86.0,1.0,217,Room,2015,1h 58m,8.1
https://www.imdb.com/title/tt0072684/?ref_=chttp_t_217,1706.0,89.0,4.0,185,Barry Lyndon,1975,3h 5m,8.1
https://www.imdb.com/title/tt1205489/?ref_=chttp_t_218,1763.0,73.0,,178,Gran Torino,2008,1h 56m,8.1
https://www.imdb.com/title/tt3011894/?ref_=chttp_t_219,1771.0,77.0,,198,Wild Tales,2014,2h 2m,8.1
https://www.imdb.com/title/tt0096283/?ref_=chttp_t_220,1870.0,87.0,,181,My Neighbor Totoro,1988,1h 26m,8.1
https://www.imdb.com/title/tt5323662/?ref_=chttp_t_221,1898.0,78.0,,249,A Silent Voice: The Movie,2016,2h 10m,8.1
https://www.imdb.com/title/tt0081398/?ref_=chttp_t_222,2029.0,90.0,2.0,170,Raging Bull,1980,2h 9m,8.1
https://www.imdb.com/title/tt0113247/?ref_=chttp_t_223,2086.0,,,223,La haine,1995,1h 38m,8.1
https://www.imdb.com/title/tt0129167/?ref_=chttp_t_224,2148.0,85.0,1.0,242,The Iron Giant,1999,1h 26m,8.1
https://www.imdb.com/title/tt1028532/?ref_=chttp_t_225,2235.0,,,235,Hachi: A Dog's Tale,2009,1h 33m,8.1
https://www.imdb.com/title/tt0050212/?ref_=chttp_t_226,2287.0,88.0,7.0,173,The Bridge on the River Kwai,1957,2h 41m,8.1
https://www.imdb.com/title/tt0052618/?ref_=chttp_t_227,2354.0,90.0,11.0,183,Ben-Hur,1959,3h 32m,8.1
https://www.imdb.com/title/tt0041959/?ref_=chttp_t_228,2366.0,97.0,1.0,211,The Third Man,1949,1h 33m,8.1
https://www.imdb.com/title/tt0074958/?ref_=chttp_t_229,2517.0,83.0,4.0,233,Network,1976,2h 1m,8.1
https://www.imdb.com/title/tt0978762/?ref_=chttp_t_230,2625.0,72.0,,205,Mary and Max,2009,1h 32m,8.1
https://www.imdb.com/title/tt0381681/?ref_=chttp_t_231,2681.0,91.0,,226,Before Sunset,2004,1h 20m,8.1
https://www.imdb.com/title/tt0032976/?ref_=chttp_t_232,2738.0,86.0,2.0,246,Rebecca,1940,2h 10m,8.1
https://www.imdb.com/title/tt0050976/?ref_=chttp_t_233,2804.0,88.0,,216,The Seventh Seal,1957,1h 36m,8.1
https://www.imdb.com/title/tt0107207/?ref_=chttp_t_234,2806.0,84.0,,194,In the Name of the Father,1993,2h 13m,8.1
https://www.imdb.com/title/tt0047296/?ref_=chttp_t_235,3204.0,91.0,8.0,206,On the Waterfront,1954,1h 48m,8.1
https://www.imdb.com/title/tt0395169/?ref_=chttp_t_236,3983.0,79.0,,220,Hotel Rwanda,2004,2h 1m,8.1
https://www.imdb.com/title/tt0032551/?ref_=chttp_t_237,,96.0,2.0,243,The Grapes of Wrath,1940,2h 9m,8.1
https://www.imdb.com/title/tt0046268/?ref_=chttp_t_238,,85.0,1.0,207,The Wages of Fear,1953,2h 36m,8.1
https://www.imdb.com/title/tt0058946/?ref_=chttp_t_239,,96.0,,241,The Battle of Algiers,1966,2h 1m,8.1
https://www.imdb.com/title/tt0050986/?ref_=chttp_t_240,,88.0,,209,Wild Strawberries,1957,1h 32m,8.1
https://www.imdb.com/title/tt0046438/?ref_=chttp_t_241,,100.0,,214,Tokyo Story,1953,2h 16m,8.1
https://www.imdb.com/title/tt0031679/?ref_=chttp_t_242,,73.0,1.0,210,Mr. Smith Goes to Washington,1939,2h 9m,8.1
https://www.imdb.com/title/tt0019254/?ref_=chttp_t_243,,98.0,,225,The Passion of Joan of Arc,1928,1h 54m,8.1
https://www.imdb.com/title/tt0035446/?ref_=chttp_t_244,,86.0,,238,To Be or Not to Be,1942,1h 39m,8.1
https://www.imdb.com/title/tt0015864/?ref_=chttp_t_245,,,,195,The Gold Rush,1925,1h 35m,8.1
https://www.imdb.com/title/tt0017925/?ref_=chttp_t_246,,,,204,The General,1926,1h 18m,8.1
https://www.imdb.com/title/tt0317705/?ref_=chttp_t_247,580.0,90.0,2.0,230,The Incredibles,2004,1h 55m,8.0
https://www.imdb.com/title/tt0107048/?ref_=chttp_t_248,1293.0,72.0,1.0,244,Groundhog Day,1993,1h 41m,8.0
https://www.imdb.com/title/tt0061512/?ref_=chttp_t_249,2748.0,92.0,1.0,248,Cool Hand Luke,1967,2h 7m,8.0
https://www.imdb.com/title/tt0245712/?ref_=chttp_t_250,3119.0,83.0,,245,Amores Perros,2000,2h 34m,8.0
